query_id,query,default_time,default_success,default_error,molqo_time,molqo_success,molqo_error,speedup,improvement_pct
1,"SELECT MAX(""cast_info"".""nr_order"" + ""movie_link"".""id"") as agg_0, MAX(""movie_link"".""id"" + ""movie_keyword"".""movie_id"") as agg_1 FROM ""movie_keyword"" JOIN ""title"" ON ""movie_keyword"".""movie_id"" = ""title""....",0.44841480255126953,True,,0.23228812217712402,True,,1.9304250185007088,48.197936184195136
2,"SELECT ""role_type"".""role"", SUM(""role_type"".""id"") as agg_0, AVG(""role_type"".""id"") as agg_1 FROM ""role_type""  WHERE ""role_type"".""role"" NOT LIKE '%designer%' AND ""role_type"".""id"" <= 7.14074198862209 AND ...",0.04256105422973633,True,,0.03303194046020508,True,,1.2884818038774126,22.38928039257425
3,"SELECT MIN(""cast_info"".""movie_id"" + ""cast_info"".""person_id"") as agg_0, MIN(""complete_cast"".""status_id"") as agg_1 FROM ""movie_keyword"" JOIN ""title"" ON ""movie_keyword"".""movie_id"" = ""title"".""id"" JOIN ""ca...",0.9834339618682861,True,,0.248276948928833,True,,3.9610361175744155,74.75408023766364
4,"SELECT COUNT(*) as agg_0, SUM(""keyword"".""id"") as agg_1 FROM ""keyword""  WHERE ""keyword"".""id"" >= 59257.31443439;",0.0511019229888916,True,,0.054213762283325195,True,,0.9426005655506643,-6.089475918763442
5,"SELECT MAX(""link_type"".""id"") as agg_0, MAX(""link_type"".""id"") as agg_1, COUNT(*) as agg_2 FROM ""link_type""  WHERE ""link_type"".""id"" <= 6.779729934114268 AND ""link_type"".""link"" IN ('references', 'version...",0.02684187889099121,True,,0.034559011459350586,True,,0.7766969527633476,-28.750344190508336
6,"SELECT ""aka_title"".""imdb_index"", ""aka_title"".""note"", MIN(""aka_title"".""kind_id"") as agg_0, AVG(""aka_title"".""movie_id"") as agg_1 FROM ""aka_title""  WHERE ""aka_title"".""note"" IN ('(Turkey: Turkish title) (...",0.03516817092895508,True,,0.04456305503845215,True,,0.7891777369978225,-26.714167559285723
7,"SELECT ""title"".""imdb_index"", AVG(""complete_cast"".""status_id"") as agg_0 FROM ""movie_companies"" JOIN ""title"" ON ""movie_companies"".""movie_id"" = ""title"".""id"" JOIN ""cast_info"" ON ""title"".""id"" = ""cast_info""...",0.08110523223876953,True,,0.1015172004699707,True,,0.7989309384350178,-25.167264389440884
8,"SELECT ""aka_name"".""imdb_index"", ""aka_name"".""surname_pcode"", SUM(""aka_name"".""id"" + ""aka_name"".""person_id"") as agg_0, AVG(""aka_name"".""id"") as agg_1 FROM ""aka_name""  WHERE ""aka_name"".""surname_pcode"" LIKE...",0.09640097618103027,True,,0.10958218574523926,True,,0.8797139382230141,-13.673315443876982
9,"SELECT ""title"".""season_nr"", AVG(""movie_link"".""link_type_id"") as agg_0, COUNT(*) as agg_1, MIN(""info_type"".""id"") as agg_2 FROM ""person_info"" JOIN ""info_type"" ON ""person_info"".""info_type_id"" = ""info_typ...",0.6342756748199463,True,,0.32021307945251465,True,,1.9807925269773528,49.51515686875199
10,"SELECT ""title"".""production_year"", ""title"".""imdb_id"", ""movie_info_idx"".""note"", SUM(""movie_companies"".""id"") as agg_0, SUM(""movie_keyword"".""keyword_id"" + ""movie_info_idx"".""id"") as agg_1, MAX(""movie_info_...",,False,"ERROR:  invalid input syntax for type integer: ""F624""
LINE 1: ...nfo_type_id"" <= 100.0)) AND (""title"".""imdb_id"" != 'F624' OR ...
                                                             ^",,False,"ERROR:  invalid input syntax for type integer: ""F624""
LINE 1: ...nfo_type_id"" <= 100.0)) AND (""title"".""imdb_id"" != 'F624' OR ...
                                                             ^",,
11,"SELECT ""char_name"".""imdb_index"", MIN(""char_name"".""imdb_id"") as agg_0 FROM ""char_name""  WHERE ""char_name"".""imdb_index"" != 'DM' GROUP BY ""char_name"".""imdb_index"" ORDER BY ""char_name"".""imdb_index"" LIMIT ...",0.2351360321044922,True,,0.21469593048095703,True,,1.0952048861743475,8.692883621703615
12,"SELECT ""company_type"".""kind"", COUNT(*) as agg_0, MAX(""company_type"".""id"") as agg_1 FROM ""company_type""  WHERE ""company_type"".""kind"" = 'special effects companies' AND (""company_type"".""id"" <= 3.50547565...",0.02068305015563965,True,,0.033447980880737305,True,,0.6183646848336671,-61.716867817085685
13,"SELECT ""company_type"".""kind"", MIN(""company_type"".""id"") as agg_0, MIN(""company_type"".""id"") as agg_1 FROM ""company_type""  WHERE ""company_type"".""kind"" LIKE '%companies%' AND ""company_type"".""kind"" NOT LIK...",0.01738595962524414,True,,0.03176999092102051,True,,0.5472447149407518,-82.73360577054936
14,"SELECT ""movie_info_idx"".""note"", ""info_type"".""info"", ""title"".""season_nr"", MAX(""movie_info_idx"".""id"") as agg_0 FROM ""movie_info_idx"" JOIN ""title"" ON ""movie_info_idx"".""movie_id"" = ""title"".""id"" JOIN ""movi...",1.6233749389648438,True,,1.5564680099487305,True,,1.0429863823660064,4.121471103821336
15,"SELECT COUNT(*) as agg_0 FROM ""title""  WHERE ""title"".""title"" NOT LIKE '%d%e%' AND ""title"".""imdb_index"" = 'VII' AND ""title"".""imdb_id"" = 'F624' AND ""title"".""kind_id"" != '2010' AND ""title"".""production_ye...",,False,"ERROR:  invalid input syntax for type integer: ""F624""
LINE 1: ...tle"".""imdb_index"" = 'VII' AND ""title"".""imdb_id"" = 'F624' AND...
                                                             ^",,False,"ERROR:  invalid input syntax for type integer: ""F624""
LINE 1: ...tle"".""imdb_index"" = 'VII' AND ""title"".""imdb_id"" = 'F624' AND...
                                                             ^",,
16,"SELECT ""kind_type"".""kind"", COUNT(*) as agg_0, MIN(""kind_type"".""id"") as agg_1, MAX(""kind_type"".""id"") as agg_2 FROM ""kind_type""  WHERE ""kind_type"".""kind"" IN ('tv movie', 'video game', 'tv series') AND ""...",0.02279210090637207,True,,0.03428506851196289,True,,0.6647821309856609,-50.425222548824756
17,"SELECT ""company_name"".""country_code"", MAX(""company_name"".""id"") as agg_0 FROM ""company_name""  WHERE ""company_name"".""id"" >= 226982.64773256503 GROUP BY ""company_name"".""country_code"" ORDER BY ""company_na...",0.041226863861083984,True,,0.04771089553833008,True,,0.8640974644452663,-15.727685955192635
18,"SELECT ""title"".""imdb_id"", ""title"".""production_year"", ""movie_info_idx"".""note"", MIN(""movie_link"".""link_type_id"" + ""movie_keyword"".""id"") as agg_0 FROM ""movie_keyword"" JOIN ""title"" ON ""movie_keyword"".""mov...",0.2853403091430664,True,,0.32811498641967773,True,,0.869635100355032,-14.9907587207262
19,"SELECT ""aka_title"".""imdb_index"", ""aka_title"".""note"", SUM(""aka_title"".""id"") as agg_0, MIN(""aka_title"".""season_nr"") as agg_1, COUNT(*) as agg_2 FROM ""aka_title""  WHERE ""aka_title"".""note"" NOT LIKE '%(UK)...",0.07504892349243164,True,,0.08725476264953613,True,,0.8601126312596831,-16.263843089415396
20,"SELECT ""title"".""imdb_index"", ""movie_info_idx"".""note"", ""title"".""series_years"", COUNT(*) as agg_0, AVG(""movie_companies"".""company_id"") as agg_1, MIN(""complete_cast"".""subject_id"" + ""complete_cast"".""movie...",0.7330272197723389,True,,0.5959627628326416,True,,1.229988290355966,18.69841299785106
21,"SELECT ""info_type"".""info"", MAX(""movie_info_idx"".""movie_id"" + ""movie_info_idx"".""info_type_id"") as agg_0, MIN(""movie_info_idx"".""id"") as agg_1 FROM ""info_type"" JOIN ""movie_info_idx"" ON ""info_type"".""id"" =...",0.10378432273864746,True,,0.10762786865234375,True,,0.964288562415822,-3.7033974036475743
22,"SELECT ""name"".""surname_pcode"", ""title"".""production_year"", ""comp_cast_type"".""kind"", MIN(""cast_info"".""person_role_id"" + ""movie_link"".""link_type_id"") as agg_0 FROM ""movie_info_idx"" JOIN ""info_type"" ON ""m...",0.1324930191040039,True,,0.10861897468566895,True,,1.2197962601601033,18.019096085050638
23,"SELECT MAX(""movie_info"".""id"") as agg_0, AVG(""movie_info"".""movie_id"") as agg_1 FROM ""movie_info""  WHERE ""movie_info"".""info_type_id"" >= 107.57619189041091 AND ""movie_info"".""note"" NOT LIKE '%commercials)...",0.6629440784454346,True,,0.5596921443939209,True,,1.1844798700244812,15.574757722194828
24,"SELECT SUM(""complete_cast"".""movie_id"") as agg_0 FROM ""movie_keyword"" JOIN ""title"" ON ""movie_keyword"".""movie_id"" = ""title"".""id"" JOIN ""movie_info_idx"" ON ""title"".""id"" = ""movie_info_idx"".""movie_id"" JOIN ...",,False,"ERROR:  invalid input syntax for type integer: ""F624""
LINE 1: ...id"" <= 355287.5446974888 AND ""title"".""imdb_id"" != 'F624' AND...
                                                             ^",,False,"ERROR:  invalid input syntax for type integer: ""F624""
LINE 1: ...id"" <= 355287.5446974888 AND ""title"".""imdb_id"" != 'F624' AND...
                                                             ^",,
25,"SELECT AVG(""complete_cast"".""status_id"" + ""complete_cast"".""id"") as agg_0, AVG(""complete_cast"".""status_id"") as agg_1, MAX(""complete_cast"".""movie_id"") as agg_2 FROM ""complete_cast""  WHERE ""complete_cast""...",0.038459062576293945,True,,0.0499420166015625,True,,0.7700742820042774,-29.857602489631702
26,"SELECT ""company_type"".""kind"", AVG(""company_type"".""id"") as agg_0, MIN(""company_type"".""id"") as agg_1 FROM ""company_type""  WHERE ""company_type"".""kind"" IN ('miscellaneous companies') AND (""company_type"".""...",0.022537946701049805,True,,0.03706216812133789,True,,0.608111933097459,-64.44341009827464
27,"SELECT COUNT(*) as agg_0 FROM ""person_info"" JOIN ""info_type"" ON ""person_info"".""info_type_id"" = ""info_type"".""id"" JOIN ""name"" ON ""person_info"".""person_id"" = ""name"".""id"" JOIN ""movie_info_idx"" ON ""info_ty...",0.14093685150146484,True,,0.13852524757385254,True,,1.0174091291648955,1.7111237422436951
28,"SELECT ""movie_info_idx"".""note"", ""title"".""season_nr"", ""name"".""imdb_index"", SUM(""info_type"".""id"") as agg_0, MIN(""cast_info"".""nr_order"") as agg_1 FROM ""person_info"" JOIN ""name"" ON ""person_info"".""person_i...",1.0950627326965332,True,,1.1366209983825684,True,,0.9634370069309178,-3.795057985737507
29,"SELECT AVG(""keyword"".""id"") as agg_0, MAX(""keyword"".""id"") as agg_1, AVG(""keyword"".""id"") as agg_2 FROM ""keyword""  WHERE ""keyword"".""phonetic_code"" NOT LIKE '%R1652%' AND ""keyword"".""id"" >= 121649.16343697...",0.042204856872558594,True,,0.04802584648132324,True,,0.8787946483977461,-13.792226867020677
30,"SELECT ""name"".""gender"", ""name"".""imdb_index"", MAX(""name"".""imdb_id"" + ""name"".""id"") as agg_0, AVG(""name"".""imdb_id"" + ""name"".""id"") as agg_1, MIN(""name"".""imdb_id"") as agg_2 FROM ""name""  WHERE ""name"".""surna...",0.03555703163146973,True,,0.04820680618286133,True,,0.737593598227445,-35.57601400054983
31,"SELECT AVG(""movie_info_idx"".""info_type_id"") as agg_0, COUNT(*) as agg_1 FROM ""person_info"" JOIN ""info_type"" ON ""person_info"".""info_type_id"" = ""info_type"".""id"" JOIN ""name"" ON ""person_info"".""person_id"" ...",0.050308942794799805,True,,0.05308699607849121,True,,0.9476697969577343,-5.521987005416779
32,"SELECT ""title"".""production_year"", ""title"".""series_years"", MAX(""movie_companies"".""company_id"") as agg_0 FROM ""title"" JOIN ""movie_link"" ON ""title"".""id"" = ""movie_link"".""movie_id"" JOIN ""movie_keyword"" ON ...",4.267634153366089,True,,4.339698076248169,True,,0.9833942542508898,-1.6886152911031465
33,"SELECT ""title"".""season_nr"", ""title"".""kind_id"", ""title"".""imdb_index"", MIN(""movie_companies"".""id"" + ""cast_info"".""person_role_id"") as agg_0 FROM ""person_info"" JOIN ""info_type"" ON ""person_info"".""info_type...",0.4435882568359375,True,,0.4508399963378906,True,,0.9839150484410035,-1.6347906848749614
34,"SELECT MAX(""info_type"".""id"") as agg_0, MIN(""info_type"".""id"") as agg_1, AVG(""info_type"".""id"") as agg_2 FROM ""info_type""  WHERE ""info_type"".""info"" NOT LIKE '%date%' AND ""info_type"".""id"" >= 91.4751384545...",0.03783702850341797,True,,0.0318760871887207,True,,1.1870035453035948,15.754253308128543
35,"SELECT AVG(""person_info"".""id"" + ""person_info"".""person_id"") as agg_0, AVG(""person_info"".""id"") as agg_1 FROM ""person_info""  WHERE ""person_info"".""id"" <= 2726139.4377718507 OR (""person_info"".""info"" NOT LI...",0.30872201919555664,True,,0.3333861827850342,True,,0.9260192387595713,-7.989117087840207
36,"SELECT ""link_type"".""link"", MIN(""link_type"".""id"") as agg_0, MAX(""link_type"".""id"") as agg_1 FROM ""link_type""  WHERE ""link_type"".""link"" NOT LIKE '%off%' AND ""link_type"".""link"" LIKE '%i%n%' AND ""link_type...",0.0428919792175293,True,,0.03452110290527344,True,,1.242485772694624,19.516181031895144
37,"SELECT ""name"".""surname_pcode"", MIN(""name"".""id"") as agg_0, MIN(""name"".""id"") as agg_1, SUM(""name"".""id"") as agg_2 FROM ""name""  WHERE ""name"".""imdb_index"" IN ('XLVI', 'CXI', 'XVI', 'XLI', 'XCI') AND (""name...",0.2941551208496094,True,,0.31084489822387695,True,,0.946308343905174,-5.6738014031720505
38,"SELECT ""name"".""surname_pcode"", MAX(""person_info"".""info_type_id"" + ""name"".""id"") as agg_0, COUNT(*) as agg_1 FROM ""name"" JOIN ""person_info"" ON ""name"".""id"" = ""person_info"".""person_id"" JOIN ""info_type"" ON...",0.06544899940490723,True,,0.05244016647338867,True,,1.2480700159127074,19.876290011766294
39,"SELECT ""info_type"".""info"", ""title"".""imdb_id"", ""movie_info_idx"".""note"", COUNT(*) as agg_0 FROM ""movie_info_idx"" JOIN ""info_type"" ON ""movie_info_idx"".""info_type_id"" = ""info_type"".""id"" JOIN ""title"" ON ""m...",0.022503137588500977,True,,0.03417491912841797,True,,0.6584693735175108,-51.86735180378238
40,"SELECT ""title"".""season_nr"", ""title"".""production_year"", ""comp_cast_type"".""kind"", SUM(""movie_info_idx"".""info_type_id"" + ""cast_info"".""movie_id"") as agg_0, MIN(""movie_keyword"".""id"") as agg_1 FROM ""cast_in...",0.17214202880859375,True,,0.061797142028808594,True,,2.785598543187395,64.10107255240881
41,"SELECT SUM(""char_name"".""id"") as agg_0, AVG(""char_name"".""imdb_id"") as agg_1, SUM(""char_name"".""imdb_id"" + ""char_name"".""id"") as agg_2 FROM ""char_name""  WHERE (""char_name"".""name"" NOT LIKE '%the%' OR ""char...",0.1991291046142578,True,,0.2370460033416748,True,,0.840044134079898,-19.041364546316604
42,"SELECT SUM(""complete_cast"".""id"" + ""complete_cast"".""subject_id"") as agg_0 FROM ""complete_cast""  WHERE ""complete_cast"".""subject_id"" >= 2.0 AND ""complete_cast"".""status_id"" <= 3.0 AND ""complete_cast"".""id""...",0.05411481857299805,True,,0.04845786094665527,True,,1.1167397304757265,10.453620238441408
43,"SELECT AVG(""link_type"".""id"") as agg_0, COUNT(*) as agg_1 FROM ""link_type""  WHERE ""link_type"".""link"" != 'spoofs' AND ""link_type"".""link"" NOT LIKE '%of%';",0.02223992347717285,True,,0.03517794609069824,True,,0.6322121086840126,-58.17476227741983
44,"SELECT ""kind_type"".""kind"", AVG(""kind_type"".""id"") as agg_0, MAX(""kind_type"".""id"") as agg_1 FROM ""kind_type""  WHERE ""kind_type"".""id"" <= 5.45530129412907 GROUP BY ""kind_type"".""kind"" HAVING MAX(""kind_type...",0.021695852279663086,True,,0.03375101089477539,True,,0.642820813495147,-55.564346860954515
45,"SELECT AVG(""keyword"".""id"") as agg_0 FROM ""keyword""  WHERE ""keyword"".""phonetic_code"" NOT LIKE '%R1652%' HAVING AVG(""keyword"".""id"") <= 67085.98459405675;",0.0315251350402832,True,,0.03984189033508301,True,,0.7912560065585935,-26.3813470875622
46,"SELECT MIN(""keyword"".""id"") as agg_0 FROM ""keyword""  WHERE ""keyword"".""id"" <= 19194.126509008187 AND ""keyword"".""phonetic_code"" NOT LIKE '%R16%52%' HAVING MIN(""keyword"".""id"") >= 67085.98459405675;",0.019080162048339844,True,,0.03168988227844238,True,,0.6020900261065176,-66.0881191582946
47,"SELECT ""title"".""series_years"", ""title"".""imdb_id"", ""name"".""imdb_index"", SUM(""complete_cast"".""subject_id"") as agg_0, AVG(""info_type"".""id"" + ""movie_keyword"".""keyword_id"") as agg_1 FROM ""info_type"" JOIN ""...",,False,"ERROR:  could not resize shared memory segment ""/PostgreSQL.286712444"" to 33554432 bytes: No space left on device
CONTEXT:  parallel worker",,False,"INFO:  MoLQO: sql -> moqoe -> cost-based optimizer
INFO:  ┌─────────────────────────────────────────────────
INFO:  │ MoLQO Optimization Applied
INFO:  │ Server: http://localhost:8666/optimize
INFO:  └─────────────────────────────────────────────────
ERROR:  could not resize shared memory segment ""/PostgreSQL.2349572826"" to 33554432 bytes: No space left on device",,
48,"SELECT ""kind_type"".""kind"", COUNT(*) as agg_0 FROM ""kind_type""  WHERE ""kind_type"".""kind"" LIKE '%tv%' AND ""kind_type"".""id"" >= 3.415833025816554 AND ""kind_type"".""kind"" = 'video movie' GROUP BY ""kind_type...",0.04856395721435547,True,,0.0393829345703125,True,,1.2331218519953506,18.905013451681953
49,"SELECT MIN(""info_type"".""id"") as agg_0 FROM ""movie_companies"" JOIN ""title"" ON ""movie_companies"".""movie_id"" = ""title"".""id"" JOIN ""movie_info_idx"" ON ""title"".""id"" = ""movie_info_idx"".""movie_id"" JOIN ""movie...",0.1452038288116455,True,,0.14658117294311523,True,,0.9906035399784647,-0.948559099812981
50,"SELECT AVG(""keyword"".""id"") as agg_0, SUM(""keyword"".""id"") as agg_1, COUNT(*) as agg_2 FROM ""keyword""  WHERE ""keyword"".""id"" >= 14633.657164889715;",0.05217480659484863,True,,0.046205997467041016,True,,1.129178233454763,11.440021568564731
51,"SELECT ""title"".""imdb_index"", MAX(""name"".""id"") as agg_0, MAX(""cast_info"".""role_id"") as agg_1, SUM(""name"".""imdb_id"") as agg_2 FROM ""movie_keyword"" JOIN ""title"" ON ""movie_keyword"".""movie_id"" = ""title"".""i...",0.7630441188812256,True,,0.7995772361755371,True,,0.9543094579967618,-4.787811922051944
52,"SELECT ""title"".""imdb_index"", ""title"".""season_nr"", ""title"".""production_year"", COUNT(*) as agg_0 FROM ""movie_keyword"" JOIN ""title"" ON ""movie_keyword"".""movie_id"" = ""title"".""id"" JOIN ""cast_info"" ON ""title...",,False,"ERROR:  invalid input syntax for type integer: ""F624""
LINE 1: ...id"" >= 355198.0407464674) AND ""title"".""imdb_id"" = 'F624' AND...
                                                             ^",,False,"ERROR:  invalid input syntax for type integer: ""F624""
LINE 1: ...id"" >= 355198.0407464674) AND ""title"".""imdb_id"" = 'F624' AND...
                                                             ^",,
53,"SELECT ""title"".""production_year"", AVG(""person_info"".""id"") as agg_0, SUM(""person_info"".""info_type_id"") as agg_1 FROM ""person_info"" JOIN ""info_type"" ON ""person_info"".""info_type_id"" = ""info_type"".""id"" JO...",,False,"ERROR:  syntax error at or near ""s""
LINE 1: ...le"".""id""  WHERE ""person_info"".""info"" LIKE '%(qv%)'s%' AND (""...
                                                             ^",,False,"ERROR:  syntax error at or near ""s""
LINE 1: ...le"".""id""  WHERE ""person_info"".""info"" LIKE '%(qv%)'s%' AND (""...
                                                             ^",,
54,"SELECT COUNT(*) as agg_0, COUNT(*) as agg_1, MIN(""cast_info"".""movie_id"" + ""cast_info"".""role_id"") as agg_2 FROM ""title"" JOIN ""cast_info"" ON ""title"".""id"" = ""cast_info"".""movie_id""  WHERE ""title"".""title"" ...",,False,"ERROR:  invalid input syntax for type integer: ""F624""
LINE 1: ...tle"".""title"" LIKE '%the%' AND ""title"".""imdb_id"" = 'F624' AND...
                                                             ^",,False,"ERROR:  invalid input syntax for type integer: ""F624""
LINE 1: ...tle"".""title"" LIKE '%the%' AND ""title"".""imdb_id"" = 'F624' AND...
                                                             ^",,
55,"SELECT ""movie_info_idx"".""note"", ""title"".""series_years"", ""title"".""production_year"", SUM(""movie_companies"".""id"" + ""movie_info_idx"".""info_type_id"") as agg_0, AVG(""movie_companies"".""movie_id"" + ""movie_inf...",0.020846128463745117,True,,0.0335848331451416,True,,0.620700670855074,-61.108251844227134
56,"SELECT ""company_name"".""country_code"", AVG(""company_name"".""imdb_id"" + ""company_name"".""id"") as agg_0 FROM ""company_name""  WHERE ""company_name"".""country_code"" LIKE '%[br]%' AND ""company_name"".""country_co...",0.038874149322509766,True,,0.047106027603149414,True,,0.8252478780424847,-21.175712971481143
57,"SELECT ""name"".""imdb_index"", ""name"".""surname_pcode"", COUNT(*) as agg_0, AVG(""movie_link"".""id"" + ""movie_companies"".""company_id"") as agg_1 FROM ""person_info"" JOIN ""info_type"" ON ""person_info"".""info_type_...",0.262315034866333,True,,0.23097681999206543,True,,1.135676882534551,11.946785623720153
58,"SELECT MAX(""movie_info"".""id"" + ""movie_info"".""info_type_id"") as agg_0, COUNT(*) as agg_1 FROM ""movie_info""  HAVING MAX(""movie_info"".""id"" + ""movie_info"".""info_type_id"") != 6845316.855743274;",0.5267672538757324,True,,0.6066009998321533,True,,0.8683916677049479,-15.155411686857468
59,"SELECT ""title"".""kind_id"", ""title"".""production_year"", AVG(""complete_cast"".""subject_id"" + ""movie_link"".""linked_movie_id"") as agg_0, SUM(""movie_companies"".""company_type_id"" + ""movie_link"".""movie_id"") as ...",0.6519632339477539,True,,0.5752100944519043,True,,1.133434966173507,11.772617764209745
60,"SELECT ""info_type"".""info"", ""title"".""production_year"", MAX(""movie_link"".""link_type_id"") as agg_0, SUM(""person_info"".""id"") as agg_1 FROM ""name"" JOIN ""person_info"" ON ""name"".""id"" = ""person_info"".""person_...",0.39133119583129883,True,,0.2640340328216553,True,,1.4821240718450406,32.52926532964696
61,"SELECT MAX(""movie_link"".""id"" + ""movie_info_idx"".""movie_id"") as agg_0 FROM ""cast_info"" JOIN ""title"" ON ""cast_info"".""movie_id"" = ""title"".""id"" JOIN ""movie_link"" ON ""title"".""id"" = ""movie_link"".""movie_id"" ...",0.05978584289550781,True,,0.04947495460510254,True,,1.208406220333184,17.24637103206253
62,"SELECT ""link_type"".""link"", AVG(""link_type"".""id"") as agg_0 FROM ""link_type""  WHERE (""link_type"".""link"" NOT LIKE '%off%' OR ""link_type"".""link"" NOT LIKE '%ver%sion%') AND ""link_type"".""id"" <= 11.938544315...",0.023070812225341797,True,,0.03208112716674805,True,,0.7191397018386123,-39.05503999338611
63,"SELECT ""title"".""season_nr"", ""title"".""series_years"", ""movie_info_idx"".""note"", MIN(""movie_info_idx"".""movie_id"") as agg_0, SUM(""movie_info_idx"".""info_type_id"") as agg_1 FROM ""info_type"" JOIN ""movie_info_...",0.09108114242553711,True,,0.043688058853149414,True,,2.084806347924318,52.03391427718822
64,"SELECT ""company_name"".""country_code"", AVG(""company_name"".""imdb_id"") as agg_0, SUM(""company_name"".""id"" + ""company_name"".""imdb_id"") as agg_1, SUM(""company_name"".""imdb_id"") as agg_2 FROM ""company_name""  ...",0.03812122344970703,True,,0.04361295700073242,True,,0.8740802291637055,-14.405974032471919
65,"SELECT SUM(""aka_title"".""id"" + ""aka_title"".""production_year"") as agg_0, AVG(""aka_title"".""movie_id"") as agg_1 FROM ""aka_title""  WHERE ""aka_title"".""note"" LIKE '%KOI8-R%' AND ""aka_title"".""kind_id"" >= 1.0 ...",0.05228090286254883,True,,0.06700396537780762,True,,0.7802658031917733,-28.161454200527174
66,"SELECT AVG(""link_type"".""id"") as agg_0 FROM ""link_type""  WHERE ""link_type"".""id"" <= 13.692810139332776 AND ""link_type"".""link"" IN ('edited from', 'followed by') AND ""link_type"".""link"" LIKE '%off%';",0.020467042922973633,True,,0.03284406661987305,True,,0.6231580017131492,-60.47294542489371
67,"SELECT MIN(""movie_info"".""id"") as agg_0 FROM ""movie_info""  WHERE ""movie_info"".""info_type_id"" >= 1.9627196265918798 AND ""movie_info"".""movie_id"" >= 1684906.0573597164 AND ""movie_info"".""note"" LIKE '%(with...",0.5450329780578613,True,,0.5225069522857666,True,,1.0431114374144728,4.132965651429506
68,"SELECT ""title"".""imdb_index"", ""name"".""gender"", ""name"".""surname_pcode"", MIN(""cast_info"".""role_id"" + ""complete_cast"".""id"") as agg_0, SUM(""movie_keyword"".""id"" + ""movie_keyword"".""keyword_id"") as agg_1 FROM...",0.7167768478393555,True,,0.6993060111999512,True,,1.0249831066222723,2.4374164277303603
69,"SELECT ""title"".""production_year"", ""title"".""kind_id"", ""title"".""imdb_id"", SUM(""movie_companies"".""company_id"" + ""complete_cast"".""movie_id"") as agg_0 FROM ""complete_cast"" JOIN ""title"" ON ""complete_cast"".""...",0.2621941566467285,True,,0.23381876945495605,True,,1.1213563276289453,10.822280539991016
70,"SELECT SUM(""cast_info"".""nr_order"") as agg_0, COUNT(*) as agg_1 FROM ""comp_cast_type"" JOIN ""complete_cast"" ON ""comp_cast_type"".""id"" = ""complete_cast"".""status_id"" JOIN ""title"" ON ""complete_cast"".""movie_...",,False,"ERROR:  invalid input syntax for type integer: ""F624""
LINE 1: ...type"".""kind"" = 'complete' AND ""title"".""imdb_id"" = 'F624' AND...
                                                             ^",,False,"ERROR:  invalid input syntax for type integer: ""F624""
LINE 1: ...type"".""kind"" = 'complete' AND ""title"".""imdb_id"" = 'F624' AND...
                                                             ^",,
71,"SELECT ""info_type"".""info"", MIN(""info_type"".""id"") as agg_0, AVG(""info_type"".""id"") as agg_1 FROM ""info_type""  WHERE ""info_type"".""info"" LIKE '%dates%' AND ""info_type"".""info"" IN ('portrayed in', 'LD close...",0.02146601676940918,True,,0.03350400924682617,True,,0.640699941647809,-56.079302493474756
72,"SELECT ""comp_cast_type"".""kind"", ""title"".""production_year"", MAX(""movie_info_idx"".""id"") as agg_0, AVG(""movie_keyword"".""movie_id"") as agg_1 FROM ""comp_cast_type"" JOIN ""complete_cast"" ON ""comp_cast_type""....",0.9938018321990967,True,,1.0987248420715332,True,,0.9045047441772456,-10.55773962906283
73,"SELECT ""comp_cast_type"".""kind"", COUNT(*) as agg_0, COUNT(*) as agg_1, COUNT(*) as agg_2 FROM ""comp_cast_type"" JOIN ""complete_cast"" ON ""comp_cast_type"".""id"" = ""complete_cast"".""status_id""  WHERE ""comple...",0.06070685386657715,True,,0.05637311935424805,True,,1.0768759040119098,7.138789504483098
74,"SELECT ""title"".""series_years"", ""title"".""kind_id"", MAX(""cast_info"".""person_id"") as agg_0 FROM ""cast_info"" JOIN ""title"" ON ""cast_info"".""movie_id"" = ""title"".""id"" JOIN ""movie_link"" ON ""title"".""id"" = ""movi...",1.0899107456207275,True,,0.9847710132598877,True,,1.106765665261405,9.6466369180497
75,"SELECT SUM(""comp_cast_type"".""id"") as agg_0 FROM ""comp_cast_type""  WHERE (""comp_cast_type"".""id"" >= 2.9154500155677385 OR ""comp_cast_type"".""id"" <= 2.261474881220864) AND ""comp_cast_type"".""kind"" = 'compl...",0.04612302780151367,True,,0.033410072326660156,True,,1.3805126594924786,27.563141625399318
76,"SELECT ""title"".""kind_id"", ""name"".""surname_pcode"", ""comp_cast_type"".""kind"", SUM(""cast_info"".""nr_order"" + ""movie_link"".""link_type_id"") as agg_0, COUNT(*) as agg_1 FROM ""info_type"" JOIN ""movie_info_idx"" ...",,False,"ERROR:  invalid input syntax for type integer: ""F624""
LINE 1: ...ovie_link"".""movie_id""  WHERE ""title"".""imdb_id"" != 'F624' AND...
                                                             ^",,False,"ERROR:  invalid input syntax for type integer: ""F624""
LINE 1: ...ovie_link"".""movie_id""  WHERE ""title"".""imdb_id"" != 'F624' AND...
                                                             ^",,
77,"SELECT ""title"".""production_year"", ""title"".""season_nr"", SUM(""movie_keyword"".""keyword_id"") as agg_0, MIN(""complete_cast"".""movie_id"") as agg_1, MAX(""movie_keyword"".""id"") as agg_2 FROM ""comp_cast_type"" JO...",0.0682530403137207,True,,0.05942201614379883,True,,1.148615357455243,12.938653178423468
78,"SELECT ""link_type"".""link"", SUM(""link_type"".""id"") as agg_0 FROM ""link_type""  WHERE ""link_type"".""link"" IN ('featured in', 'spin off', 'remake of', 'references', 'version of', 'spoofs', 'edited into', 'u...",0.022900104522705078,True,,0.036279916763305664,True,,0.6312060932252955,-58.426861009890686
79,"SELECT ""info_type"".""info"", ""title"".""season_nr"", ""title"".""series_years"", MAX(""complete_cast"".""subject_id"") as agg_0 FROM ""movie_link"" JOIN ""title"" ON ""movie_link"".""movie_id"" = ""title"".""id"" JOIN ""movie_...",0.14667320251464844,True,,0.14350414276123047,True,,1.0220834025585646,2.1606262760243955
80,"SELECT ""info_type"".""info"", ""title"".""production_year"", ""title"".""series_years"", MAX(""movie_keyword"".""id"") as agg_0 FROM ""comp_cast_type"" JOIN ""complete_cast"" ON ""comp_cast_type"".""id"" = ""complete_cast"".""...",0.5374491214752197,True,,0.5550661087036133,True,,0.9682614611986688,-3.2778892967649638
81,"SELECT MIN(""movie_info"".""movie_id"") as agg_0, COUNT(*) as agg_1, SUM(""movie_info"".""movie_id"") as agg_2 FROM ""movie_info""  WHERE ""movie_info"".""id"" >= 4724011.331123681 AND ""movie_info"".""movie_id"" >= 85...",1.0328240394592285,True,,1.033649206161499,True,,0.9992016956068347,-0.07989421922271997
82,"SELECT ""company_name"".""country_code"", SUM(""company_name"".""id"" + ""company_name"".""imdb_id"") as agg_0 FROM ""company_name""  WHERE ""company_name"".""country_code"" = '[gl]' AND ""company_name"".""name"" LIKE '%Pr...",0.05973196029663086,True,,0.06448698043823242,True,,0.9262638735867612,-7.960596166588167
83,"SELECT ""name"".""surname_pcode"", SUM(""movie_keyword"".""movie_id"" + ""name"".""imdb_id"") as agg_0 FROM ""movie_info_idx"" JOIN ""info_type"" ON ""movie_info_idx"".""info_type_id"" = ""info_type"".""id"" JOIN ""person_inf...",0.13850688934326172,True,,0.12261605262756348,True,,1.1295983386772808,11.472957620408303
84,"SELECT AVG(""movie_keyword"".""keyword_id"" + ""movie_keyword"".""id"") as agg_0, COUNT(*) as agg_1 FROM ""person_info"" JOIN ""info_type"" ON ""person_info"".""info_type_id"" = ""info_type"".""id"" JOIN ""name"" ON ""perso...",0.7104668617248535,True,,0.6153349876403809,True,,1.1546017632595116,13.390050853816588
85,"SELECT ""title"".""production_year"", ""title"".""imdb_index"", ""title"".""kind_id"", MIN(""movie_info_idx"".""movie_id"" + ""movie_info_idx"".""id"") as agg_0, MIN(""movie_link"".""link_type_id"" + ""info_type"".""id"") as agg...",0.1201169490814209,True,,0.13179588317871094,True,,0.9113861995108468,-9.722969311661013
86,"SELECT ""title"".""kind_id"", ""title"".""imdb_id"", ""title"".""series_years"", AVG(""movie_companies"".""id"" + ""movie_companies"".""company_type_id"") as agg_0 FROM ""movie_companies"" JOIN ""title"" ON ""movie_companies""...",,False,"ERROR:  invalid input syntax for type integer: ""F624""
LINE 1: ...itle"".""season_nr"" = '41' AND ""title"".""imdb_id"" != 'F624' AND...
                                                             ^",,False,"ERROR:  invalid input syntax for type integer: ""F624""
LINE 1: ...itle"".""season_nr"" = '41' AND ""title"".""imdb_id"" != 'F624' AND...
                                                             ^",,
87,"SELECT ""company_type"".""kind"", SUM(""company_type"".""id"") as agg_0, COUNT(*) as agg_1, SUM(""company_type"".""id"") as agg_2 FROM ""company_type""  WHERE ""company_type"".""kind"" IN ('production companies', 'spec...",0.018596172332763672,True,,0.03281402587890625,True,,0.5667141362473843,-76.45580655914254
88,"SELECT ""title"".""production_year"", ""title"".""season_nr"", ""title"".""imdb_index"", MAX(""complete_cast"".""id"" + ""complete_cast"".""status_id"") as agg_0, SUM(""complete_cast"".""status_id"") as agg_1 FROM ""comp_cast...",,False,"ERROR:  invalid input syntax for type integer: ""F624""
LINE 1: ...e_keyword"".""movie_id""  WHERE ""title"".""imdb_id"" != 'F624' AND...
                                                             ^",,False,"ERROR:  invalid input syntax for type integer: ""F624""
LINE 1: ...e_keyword"".""movie_id""  WHERE ""title"".""imdb_id"" != 'F624' AND...
                                                             ^",,
89,"SELECT ""aka_title"".""note"", ""aka_title"".""imdb_index"", MIN(""aka_title"".""id"" + ""aka_title"".""episode_of_id"") as agg_0, COUNT(*) as agg_1 FROM ""aka_title""  WHERE ""aka_title"".""kind_id"" <= 1.0 AND ""aka_title...",0.05443000793457031,True,,0.07220196723937988,True,,0.7538576858177831,-32.65103199355223
90,"SELECT MAX(""role_type"".""id"") as agg_0 FROM ""role_type""  WHERE ""role_type"".""role"" LIKE '%designer%' AND ""role_type"".""id"" >= 3.9817404184199243 AND ""role_type"".""role"" IN ('composer', 'editor', 'guest', ...",0.0232388973236084,True,,0.03332114219665527,True,,0.6974219907125838,-43.38521201177786
91,"SELECT ""title"".""production_year"", AVG(""complete_cast"".""movie_id"" + ""complete_cast"".""subject_id"") as agg_0 FROM ""complete_cast"" JOIN ""comp_cast_type"" ON ""complete_cast"".""status_id"" = ""comp_cast_type"".""...",,False,"ERROR:  invalid input syntax for type integer: ""F624""
LINE 1: ...cast"".""status_id"" <= 3.0 AND ""title"".""imdb_id"" != 'F624' AND...
                                                             ^",,False,"ERROR:  invalid input syntax for type integer: ""F624""
LINE 1: ...cast"".""status_id"" <= 3.0 AND ""title"".""imdb_id"" != 'F624' AND...
                                                             ^",,
92,"SELECT MAX(""info_type"".""id"") as agg_0, SUM(""movie_info_idx"".""id"") as agg_1 FROM ""name"" JOIN ""person_info"" ON ""name"".""id"" = ""person_info"".""person_id"" JOIN ""info_type"" ON ""person_info"".""info_type_id"" = ...",0.9809708595275879,True,,1.0190887451171875,True,,0.9625961077754653,-3.8857306737894612
93,"SELECT COUNT(*) as agg_0, MAX(""keyword"".""id"") as agg_1, MAX(""keyword"".""id"") as agg_2 FROM ""keyword""  WHERE ""keyword"".""phonetic_code"" LIKE '%R1652%' AND ""keyword"".""id"" >= 123204.0064487307;",0.05960798263549805,True,,0.04840087890625,True,,1.231547525220681,18.801347124561023
94,"SELECT COUNT(*) as agg_0, MAX(""keyword"".""id"") as agg_1, MAX(""keyword"".""id"") as agg_2 FROM ""keyword""  WHERE ""keyword"".""id"" >= 88309.51228259799 HAVING MAX(""keyword"".""id"") >= 67085.98459405675;",0.030629873275756836,True,,0.04256415367126465,True,,0.7196166406201863,-38.96287878198193
95,"SELECT ""info_type"".""info"", COUNT(*) as agg_0, SUM(""complete_cast"".""subject_id"" + ""movie_info_idx"".""info_type_id"") as agg_1, SUM(""movie_info_idx"".""info_type_id"") as agg_2 FROM ""name"" JOIN ""person_info""...",0.15851211547851562,True,,0.13855218887329102,True,,1.144060709307728,12.59205111544293
96,"SELECT ""movie_info_idx"".""note"", MIN(""movie_info_idx"".""info_type_id"" + ""movie_info_idx"".""id"") as agg_0, AVG(""movie_info_idx"".""movie_id"") as agg_1, COUNT(*) as agg_2 FROM ""movie_info_idx""  WHERE ""movie_...",0.1116647720336914,True,,0.12439393997192383,True,,0.897670514004899,-11.399448282930079
97,"SELECT ""aka_title"".""imdb_index"", MAX(""aka_title"".""movie_id"") as agg_0 FROM ""aka_title""  WHERE ""aka_title"".""production_year"" >= 1895.6176402051321 AND (""aka_title"".""note"" IN ('(India: Hindi title) (fes...",0.07345104217529297,True,,0.08042120933532715,True,,0.9133292421533836,-9.489541541697504
98,"SELECT AVG(""movie_info"".""id"") as agg_0 FROM ""movie_info""  WHERE ""movie_info"".""movie_id"" >= 497781.15468347445 AND ""movie_info"".""info"" NOT LIKE '%Los%' AND ""movie_info"".""note"" LIKE '%(with%' AND (""movi...",0.7135000228881836,True,,0.7434530258178711,True,,0.959710967755177,-4.198038117565918
99,"SELECT ""company_name"".""country_code"", MAX(""company_name"".""imdb_id"" + ""company_name"".""id"") as agg_0 FROM ""company_name""  WHERE (""company_name"".""name"" NOT LIKE '%Productio%n%' OR ""company_name"".""name"" L...",0.05953383445739746,True,,0.053527116775512695,True,,1.112218218423315,10.089586428677269
100,"SELECT MAX(""role_type"".""id"") as agg_0, AVG(""role_type"".""id"") as agg_1, MAX(""role_type"".""id"") as agg_2 FROM ""role_type""  WHERE ""role_type"".""id"" >= 11.450531989471179 AND (""role_type"".""role"" NOT LIKE '%...",0.02233600616455078,True,,0.031770944595336914,True,,0.7030324860982913,-42.24093762008454
